X,Y
-23.791962,-3.276316
-23.185183,-3.213519
-23.462652,-3.3508818
-23.248182,-3.384726
-48.100243,24.360388
-23.686026,-3.6103084
-23.377209,-3.5113342
-22.916586,-2.324513
-23.162226,-3.5527155
-22.862453,-3.571828
-46.12888,7.797189
-45.37962,7.1850758
23.915394,7.0748816
-3.075195,2.8519344
-46.00202,8.036206
-22.989128,-2.8197217
-22.589798,-3.6153634
-22.274214,-3.5326176
-43.079166,6.5488544
-46.51037,9.89878
-42.23748,6.5323677
-44.97628,7.559642
-42.45188,6.807637
-42.973667,19.179895
-42.787483,9.039699
-41.843792,10.684213
-40.67926,7.235276
24.76806,6.160924
-45.16103,8.412544
-44.131794,7.897059
6.472468,-35.629986
-46.417034,9.78346
-43.594795,8.860563
-47.66327,24.6816
-43.45157,16.821075
-22.74717,-4.3995852
-43.397346,7.984618
-42.272785,19.623852
-44.64863,8.92105
-40.73145,20.322498
-45.21652,8.948863
-43.347935,6.42451
-1.9080813,4.29405
-45.630466,8.4175005
-47.092922,24.580732
-44.565952,8.1582575
-43.2577,11.053514
-38.35609,17.69064
-42.1368,9.863138
-43.368923,7.4737973
-44.00661,12.929005
-21.960308,-3.8018925
-39.07239,9.860089
-42.050682,9.29117
-44.47607,8.25089
-42.84039,12.03239
-41.016026,8.042167
50.177284,-0.061339654
-22.394358,-3.819077
-21.643782,-3.578864
-39.951176,10.8312
-41.51634,15.338953
29.129667,-23.668327
-43.07054,11.515611
-41.5391,8.020141
-44.006607,12.327829
-39.781998,9.892392
49.9731,-0.14078754
-46.33224,23.139301
-43.8857,7.8613124
-40.026485,13.595217
23.91775,6.80594
24.815468,-51.550236
-24.52398,36.992382
-39.463924,21.04585
-42.294544,13.416452
-43.492893,10.05409
-38.218708,14.730317
-44.81377,13.331149
-22.660913,22.841337
25.108023,-51.507988
-42.891228,13.949209
-43.149914,7.792681
-37.18119,21.547531
-41.42261,20.181393
-41.638096,10.320591
-21.644793,-3.9819071
-42.701694,10.356873
-36.797745,10.844341
7.257222,-34.6892
-44.04734,9.303145
-40.75394,8.953574
-43.76982,24.089264
-38.933952,15.168437
-46.65752,25.420961
-41.203964,9.105388
-41.600067,9.610013
-36.775024,30.1463
-44.214462,11.158713
-38.688175,11.372053
-37.91204,12.811975
-43.112938,12.688581
-42.02731,11.614792
-31.515717,21.871561
-28.509153,-35.340424
-17.671751,25.794529
-39.88674,13.396527
-46.15543,24.159306
-44.231483,25.962193
22.534817,4.758067
-42.621403,17.647406
-41.60138,27.738997
-43.29596,25.177876
-45.967884,22.27112
-34.20075,25.8118
-29.109451,-26.014906
-22.081106,-3.8375692
-40.172497,8.047674
-45.842224,21.32234
-35.044384,14.622692
-40.719788,11.740927
-44.193584,11.764684
-34.795216,14.017993
-38.927013,12.001869
-40.020058,10.21766
-31.042408,21.824003
-41.597267,10.32063
-37.126488,11.917136
-36.636368,25.680826
-36.436893,21.505133
-43.64262,26.414303
-36.70914,21.051313
-40.43385,8.265589
-40.73598,11.749756
-41.05579,14.396342
-31.185614,15.763679
-40.567886,9.32449
-43.73231,15.48081
-44.863457,22.435247
-20.658268,-4.913719
-32.809032,21.350122
-21.971518,-3.8026779
-4.784069,-19.701572
-35.002697,17.262173
-41.445606,8.489288
-39.36937,8.2431965
23.822044,6.298665
27.518932,-34.46574
46.431496,8.752759
-46.08572,25.491795
-46.01342,21.489782
-44.310116,26.987026
-35.91168,13.321508
22.045755,-52.308697
-41.541683,17.719133
-33.70057,24.679611
-28.703442,35.533516
-42.36695,13.330877
-34.31685,16.51879
-42.35296,15.376347
46.614056,8.020585
-33.01324,22.604593
-36.27106,15.182582
-45.31379,22.904345
-39.8506,17.307547
-39.975735,16.803207
-45.126358,22.984701
-36.64005,17.814407
-39.348305,24.407663
-36.77281,11.496315
-33.116226,31.058748
-21.864534,-1.9738377
-38.614315,19.474915
-2.3985186,4.1181664
-30.467955,-33.21139
-31.710735,20.970936
-34.20919,15.3250475
23.285177,6.5594473
-36.952316,23.767763
-30.862099,-33.092785
-40.70217,8.3832855
-33.57333,20.749641
-37.542004,16.542412
-42.422966,13.608565
-41.20272,15.423056
46.275257,8.386212
25.305637,-49.79853
-39.310062,27.437452
-43.265015,17.263685
-37.604202,17.402412
-38.186497,12.319052
-43.743305,14.184469
0.95671517,3.3483262
-36.988148,20.156141
49.276882,-1.1933436
-34.86604,27.423025
-33.98293,22.034212
-41.27414,13.036973
-34.91965,17.403498
-44.74257,21.740826
-45.16621,22.85328
-36.43804,16.98465
-45.81605,26.009243
29.093826,-23.348343
-39.229347,11.985543
-37.06619,13.378434
-35.44786,23.83037
-36.722343,21.820366
-42.973152,13.166706
-43.762543,29.239819
0.642092,28.219288
-39.746956,17.045738
-37.652687,15.485058
-36.303146,28.877453
24.430658,-50.95131
-42.414608,27.954285
-41.722538,13.19937
-37.086666,11.852955
28.636377,-23.73804
-42.28544,13.470869
-37.03723,27.62146
-45.469658,26.318674
-33.19865,30.7265
23.830997,6.4226427
-36.387074,16.797739
-32.153717,16.390854
-36.23945,17.399673
-10.693245,-59.073578
24.006073,-52.42545
-37.253563,28.415945
-38.97053,22.681784
-35.96957,24.674583
-34.2718,18.041603
-29.717934,-26.914001
-42.47438,15.218694
-32.25143,18.078724
-4.398503,0.7857161
-28.367039,20.03821
-39.27551,20.760836
47.542423,5.6882
-39.21301,27.128536
-35.72304,11.442114
-35.88418,12.054351
-25.488205,19.320131
-35.212135,27.70371
-6.1736355,27.867304
-9.5781355,37.09679
-36.095596,30.172161
-42.835888,25.130552
-29.886986,29.77794
-36.257523,18.683058
-35.49074,21.363535
23.845833,6.6622033
-44.477055,25.725597
-32.500126,11.654477
-36.286526,14.69306
-46.818974,25.29447
-38.567783,15.829956
-38.453114,24.199062
21.743767,-50.956306
49.180264,-1.3853545
-6.4027367,28.665922
-39.14265,13.241368
-32.313805,26.99852
-46.222504,23.087572
-20.326954,31.79881
-38.195385,22.691101
-33.638195,15.928857
-46.24165,25.21741
23.810122,6.550202
21.798752,-51.34597
-32.740433,17.7474
-29.155416,28.148079
-10.702887,-59.21769
-35.226486,11.151183
-45.626633,21.89589
-36.508026,23.343786
-28.908026,21.161974
-40.32858,8.17577
46.375267,8.451341
-39.78853,20.228989
-36.69701,28.76701
23.777002,6.4752617
-37.274914,13.224237
-27.634417,32.551342
-31.46431,27.923637
-34.91947,20.575186
-5.136103,32.805622
-12.712906,25.28623
-38.31655,20.113214
-34.21034,19.444656
-44.654556,21.517904
-45.392868,25.62495
-39.49318,11.983693
-33.83089,15.476757
-31.460976,30.450727
-20.427933,37.47703
-33.78737,19.41545
-30.127737,-25.626251
-28.631233,-28.219812
-34.009468,12.764772
-37.034687,24.633272
-45.98299,26.644114
-29.835497,22.281313
-29.947067,19.727299
-21.340204,42.40444
-28.935162,28.841703
-34.886425,15.480915
-35.90176,23.004772
-37.936512,10.219858
-39.83644,15.671545
-32.581276,19.087112
-44.342823,25.84317
-33.265343,15.964184
-21.54724,-3.9718583
-35.101276,10.694438
-39.54997,18.766478
-37.820072,24.87895
-2.7749145,4.1823955
-16.177534,21.216158
-37.25357,19.089338
0.033271853,2.9296534
-30.348858,31.553885
-32.24671,18.564085
-28.875563,34.459583
-3.3291943,35.311714
-28.34274,-30.4173
-30.49288,24.884727
-36.134148,30.10363
-37.645504,14.080665
-15.837142,20.27501
-3.9493194,-18.333002
-38.397514,28.832758
47.820362,2.2167675
-33.46987,11.9706
-35.521957,12.503288
-30.086277,21.165178
-34.19952,18.57209
-39.477375,16.767984
-32.101486,31.948418
-15.814011,21.358225
-42.967934,27.596062
-35.95763,15.840714
-10.810726,30.390171
-34.873753,21.503326
-31.90038,23.869236
-31.429907,-30.004166
-24.833128,26.708385
-38.631588,22.751442
-43.899925,14.157094
-16.513212,23.51284
-19.81655,39.29858
-34.6153,16.510668
-25.665985,20.556854
-26.541784,19.88336
-22.06473,26.149454
-36.201263,15.647636
-45.06064,27.838219
23.245007,-51.11466
-10.7013645,-58.67036
-19.37158,31.024086
-32.211494,23.866074
-32.773537,24.782007
-31.540035,23.78099
-32.166386,19.72252
45.20498,8.37931
-34.75768,15.542653
-35.229454,19.30877
-14.1887245,29.994621
-33.42419,14.84705
-33.64152,11.29453
-34.568115,29.046453
-38.21228,11.477262
-12.287825,-20.473831
-38.464855,19.439997
21.237154,-51.69705
-0.7625443,-35.802757
-22.456373,14.201842
-30.044157,25.91505
-21.108881,43.57352
-15.877857,44.72418
-34.649254,25.396887
-41.182842,13.228597
-14.997037,43.704235
-5.3254256,32.483753
-33.514828,20.001972
-2.2338145,4.304996
-33.22357,29.318151
-21.84868,13.804486
-16.159548,23.081476
-24.555403,24.537794
-25.916273,21.41477
-36.474155,24.705877
47.834038,2.835766
-30.80458,19.3147
-10.623678,34.086983
-25.65821,-22.478859
-46.339153,25.543402
-35.211998,23.317455
-3.3971002,1.8014106
-37.07066,23.206036
-6.427328,27.437641
-29.104967,19.791323
-30.349741,32.254265
-38.595783,19.759441
24.335878,-50.042397
45.781254,5.896065
-12.021296,33.68948
-29.31294,23.9294
-30.896257,22.928303
-28.139553,31.340075
-15.515763,31.24913
21.424883,-52.289707
-29.037199,24.362278
-16.862415,39.099186
-31.621254,23.461473
-26.698996,30.257719
-36.05553,16.253073
-32.894978,24.746769
-30.36193,26.04353
-26.594742,27.691257
-5.1905484,28.783432
-33.19549,11.924654
-28.477755,-34.863663
-38.832684,20.731344
-2.6511462,4.8716226
-25.160288,-23.76084
26.508774,-34.63383
23.370567,5.5543704
-28.574188,31.048868
46.036163,3.5339704
-19.90435,32.56528
-39.172897,27.123344
-28.596586,21.6246
-11.324771,30.91852
-12.944715,29.280027
-1.3339962,28.741226
-28.594913,-34.8467
47.135742,2.7267566
-29.895138,28.3608
23.657152,6.0416183
-36.06692,11.372432
-35.275593,23.11365
-35.487835,12.232546
-33.95953,24.232916
-39.150276,28.869955
-38.510246,18.902325
-37.479034,23.639555
-45.30339,27.556093
26.932272,-34.327232
-30.395197,30.407713
-38.050194,21.36024
-27.557074,22.889256
11.471866,31.82301
0.4317453,2.3719382
-43.71647,29.293129
-29.215076,33.457333
-26.55209,31.721277
-35.34878,20.212687
23.542355,-49.56025
-26.263506,34.71556
-13.90036,28.210592
-34.76495,31.411827
-16.783247,21.925646
21.27514,-50.350098
49.068714,-1.568895
-34.26334,31.399612
-25.897356,33.57035
-11.839852,41.907658
-22.393723,35.73399
-26.832106,28.826008
-17.688522,40.719265
-21.080887,44.15296
24.487717,-51.003025
-10.356524,34.19392
-38.916603,23.069298
-30.43193,-24.152023
-31.444695,26.050089
-20.929035,-4.2308507
-38.053333,20.677982
-32.059868,14.549011
-25.772362,27.345026
-0.70733505,29.4293
-30.180838,-24.189342
-33.75601,20.258247
-26.594563,37.08083
-28.60704,-34.81716
-26.532425,25.281672
-24.17044,28.179756
-25.902418,33.129173
-0.18203701,28.802248
-30.257174,18.79791
-28.852613,22.699858
-10.308215,-21.88257
-26.22396,25.49863
23.750345,5.839074
-16.38903,32.816544
-30.463198,32.574104
-25.407888,21.251612
0.90939045,1.8554192
-27.197878,26.798946
-18.72603,31.3378
-24.453331,27.898724
-10.819094,-20.812994
-27.862398,21.192436
-34.990005,18.209986
1.2265681,32.225574
-22.08776,26.138199
22.857105,-50.403454
-26.97864,32.01568
-45.740257,25.589396
-17.703539,33.827118
46.105133,7.4663396
-14.752304,22.042122
-34.241673,12.480238
-16.153822,23.44013
-19.42233,30.650528
-13.577696,28.858562
-24.64039,29.609358
-11.070504,-58.54068
-34.108715,15.229717
-15.340719,30.575651
-20.14063,43.913353
-25.321823,26.6878
-29.251247,-24.552155
1.4581101,2.4677796
-14.153789,22.604658
-29.72924,-34.063637
-29.065338,-25.869497
-29.126776,-27.533096
-27.068567,24.921612
-14.843309,23.226126
-29.247702,21.373734
-43.255833,27.531837
-33.04652,32.057888
-35.06508,28.928959
-29.413584,29.728123
-25.050142,31.678541
46.75699,3.8739781
-35.47952,27.899136
-27.035358,32.459354
-28.616385,24.827698
21.428265,-49.247017
-16.693304,23.399971
-32.51689,21.54524
-21.734346,13.736865
-33.755585,12.659145
22.211027,-50.399933
-33.429523,23.1363
-19.922148,41.062447
-17.593796,30.180428
-30.44583,33.634464
-28.387924,21.862196
-4.6995645,38.837757
-32.54301,31.541122
-23.98658,34.85224
23.074518,-51.692753
-26.511772,37.139935
21.206617,-48.739735
-15.112062,20.522606
-31.804632,32.244057
-29.093111,29.360134
-13.881126,21.609007
-28.372469,22.630028
-14.05387,29.615204
-19.865149,-4.3496366
-15.530581,25.489145
-23.186468,35.145782
20.491997,-51.621807
-34.65445,12.318784
-29.129835,-34.498474
-11.831225,-57.68301
20.111385,-51.06214
-12.092698,28.506275
-29.381514,-31.100037
-3.6013818,-18.130089
-14.370835,21.357437
21.85451,-50.087273
-15.692758,24.366978
-30.5816,26.430908
-33.122257,13.660502
-28.686666,18.967161
-24.600967,32.523186
-2.05458,45.9309
-24.149466,37.632755
-27.449507,-25.642601
-34.757404,21.292675
-15.05747,21.0792
-26.818014,26.789297
-27.959785,-34.471806
45.97025,7.5491896
18.05712,-49.09359
-15.792387,24.77114
-21.287714,34.166664
-34.497192,21.604357
-21.330578,-33.308235
-27.223927,20.1053
21.716494,-49.718357
-28.079662,29.0095
-12.2949915,35.54705
-26.570473,30.598795
-13.306011,40.387703
28.628992,-22.614386
17.568213,-17.376425
9.835009,-0.80356497
-26.343145,-26.95759
-24.272743,37.901215
-30.595337,23.899954
-33.987885,19.77875
-15.165391,40.86712
-28.68913,22.771639
6.9466705,-34.737022
2.0708556,35.80097
-20.304737,43.726692
-14.228916,23.08187
-22.509361,31.396742
-24.362959,24.51587
21.12943,-50.472687
-26.74083,27.197472
-27.73781,25.58399
-28.100536,34.75538
-18.38001,39.08924
33.63061,4.2676873
-22.032457,40.95613
-22.797348,29.618778
-18.094234,47.304886
-30.13869,25.515854
-25.20292,34.088833
-30.485363,27.094566
-29.287645,25.682636
-17.985613,31.544237
-17.087326,25.332476
-0.5085139,29.18277
-11.3318205,-58.20803
-30.39015,-33.25754
-32.908985,23.240797
44.16706,7.493874
27.519482,-33.893574
22.434515,-49.118122
-27.025244,28.886354
-15.180737,28.188719
-28.688396,-31.574722
-11.872043,46.596905
-2.3825412,-17.947039
-30.257544,-31.129974
-28.963509,29.911427
-30.120367,30.824194
-18.806097,32.806156
-28.702705,-32.405556
-15.643506,36.612442
-29.412447,-34.203327
-16.189507,40.52736
-29.708605,-32.964977
2.872256,47.412716
9.996762,32.43113
-21.44693,30.798111
15.793826,31.572206
-18.64034,34.529408
-31.03922,24.292664
-27.066935,36.38747
-36.264683,25.401878
-23.946022,29.737614
-27.580143,-32.32524
-8.911819,34.620033
45.694866,8.405329
-19.624632,42.45194
23.454699,-50.73567
-26.756525,-29.433926
-28.301792,-26.825148
-14.288965,34.44185
51.788826,-27.005577
-28.81564,-27.471601
-27.016872,36.314064
-32.3744,29.776373
-32.49084,29.49247
-24.492107,-34.20837
2.1626024,0.13877623
-27.357784,25.059643
-25.279135,27.326084
-20.456394,37.130047
46.342525,6.981765
-31.054277,26.748173
-23.057697,38.43592
22.733047,-48.69856
-4.4854655,28.788422
-18.466013,34.64549
16.478872,-47.983086
-27.193867,32.25832
-29.738388,-30.417425
-38.996613,28.831245
-20.538988,35.87763
-19.30995,41.011147
-13.604573,31.915258
-17.397486,36.19928
-21.315395,41.531147
-3.0231347,-18.817957
-26.060555,21.110674
-16.227568,28.681938
-27.624271,25.116276
-11.975581,35.093628
-21.421917,30.745474
51.570152,-26.676231
-18.267176,29.169662
-10.079102,22.134424
-15.739338,25.185032
-18.441757,35.385498
-11.229222,32.312096
-30.387629,-24.126417
46.94861,2.8211162
2.1847832,31.301394
-25.967669,20.724224
0.46386537,1.9122077
-18.970259,32.84076
-3.5074284,29.056833
-14.869091,39.09789
-29.702618,20.934963
49.101475,-1.5209948
-25.820896,-33.435017
-19.090014,30.020967
-34.07318,24.861782
-9.588563,29.974245
-12.363451,43.38842
-29.186148,27.78955
-25.865976,23.785154
-6.116801,30.596592
51.3759,-27.174713
-20.038382,30.599543
-20.074064,-5.5487065
-13.121447,30.259325
-26.877047,21.35146
-31.459963,30.151905
-3.307735,29.201538
-1.1668496,43.52035
51.721058,-26.7299
2.7115164,1.359701
-25.487486,-22.945892
-29.439405,31.471552
-15.131963,33.972458
-15.681694,36.53848
-12.126823,42.40482
-15.08591,41.39212
-24.46698,-33.597282
45.491642,4.3488045
-5.942031,32.466568
-20.797508,-4.2341876
-24.463104,21.44893
-19.782675,39.692272
-21.043196,34.985798
50.767555,-26.13019
-5.4319706,-0.16157402
19.733099,-50.624702
-25.009144,25.197365
-22.410152,33.26386
-12.31867,33.713234
0.88056,1.2001876
24.759407,-48.849674
-23.649462,31.43947
-29.330078,-32.8938
-22.604029,34.17061
-10.516464,35.923176
-16.9562,32.278694
-4.792042,0.33533263
-11.06082,40.619583
-27.278399,36.086315
-12.979769,29.183453
-24.348959,27.887976
26.595373,-10.151836
-29.6015,20.397512
-3.2171607,39.280483
-12.796687,40.77636
-1.3939236,39.64223
-18.382927,44.33295
-23.517818,36.053455
-22.747143,38.646996
-18.845217,34.33567
-28.268211,28.732756
-1.5342277,36.345036
-31.402845,-30.258488
-8.854521,39.979782
-18.282915,37.23124
-4.5034037,37.33167
-27.387398,-33.698963
12.040812,-17.033638
-27.530289,-31.708654
-24.256884,25.964085
-0.6528005,29.2211
-13.184105,22.894506
-6.081405,41.811462
-12.086097,36.931965
-1.1859185,31.0828
-26.803186,32.414146
-13.189869,22.90824
-0.2602477,1.8628588
-9.572491,35.68016
-8.33879,35.717854
-28.278715,28.94584
22.904823,-51.595356
11.6171875,36.27297
28.297892,-21.800377
-23.99383,33.608017
23.157106,-50.39609
-14.675479,21.128742
-26.527847,-26.316406
-13.324414,32.55082
-7.1729326,36.98051
-2.5937657,30.653156
-22.507236,14.198485
-29.437658,-32.401684
44.944374,6.738586
47.09338,1.7754769
-13.26798,44.418842
-21.301859,28.235733
4.046537,-1.7488357
-14.690118,20.876223
-15.606523,42.082443
17.440449,-17.082481
-26.166061,27.212053
-4.809033,44.771393
-29.303091,30.001837
-21.420952,-22.983385
-26.056196,23.442265
-24.179039,38.037224
16.703697,-37.187744
-24.950827,21.847597
-21.114069,34.221943
-25.493147,30.110058
-3.6063435,1.2740726
-19.041563,31.020363
-20.82345,28.841154
-19.295069,41.0765
-27.059784,22.717196
-20.834187,42.539288
27.751738,-33.095173
-28.105007,29.976946
2.9007657,47.389645
44.83412,6.570225
28.204372,-32.22917
-3.0670369,29.22914
-21.11329,33.101814
-24.309057,-32.740917
-30.22446,25.083876
-21.242077,34.691933
-15.527713,21.003529
-20.069483,-5.5646014
23.30812,-49.443516
-27.409437,-27.971437
-13.918242,44.060577
-14.207829,22.285662
-6.386847,39.099648
-5.748865,36.875145
-27.805864,29.192762
-26.039337,19.202345
-18.843906,43.18357
-14.190606,33.497597
46.66533,1.6368405
19.663837,-47.77338
28.279982,-23.725235
-16.266678,22.092321
51.80988,-26.529207
-13.973923,30.931347
-11.680158,23.496796
-22.413359,34.38709
-11.204519,42.422142
-20.098454,-5.494532
49.08109,-1.6299663
-19.04811,36.065617
-15.263617,32.388596
-18.079733,47.305473
-1.052339,32.363155
5.015878,36.584652
-2.3943746,40.22557
-23.306557,34.35999
-14.95135,21.376522
15.831177,-40.363888
1.1421913,44.187008
-29.4185,-30.658781
-2.7165189,39.843674
-11.112976,46.3409
-24.460619,32.67885
1.4243041,35.985325
44.770973,6.4466424
-13.714304,29.195135
-21.200912,32.934494
-20.455374,-32.840015
45.595062,3.4762278
-11.754369,31.780935
-24.124771,33.47441
3.4004517,41.567085
14.832398,31.269983
-11.391243,42.600597
-1.9890766,29.962225
1.620274,31.549616
-22.133299,32.725704
-19.342495,33.785416
-9.531483,33.74684
47.117657,5.8646107
-22.825308,33.70888
-25.548353,-24.92545
-29.501375,32.351505
-18.390463,42.684772
20.23692,-48.278812
-9.177973,36.16237
43.536827,6.753749
-19.863407,42.320686
-8.255123,33.73789
-16.287506,24.195261
-18.253466,33.489532
-0.9546049,32.340958
-4.7826586,-20.156118
-3.4794548,-16.968807
-20.959858,-4.2138605
-16.361794,41.401814
-14.411675,22.522442
-1.5951385,33.308746
-8.915164,36.30472
-18.410196,35.38109
-19.407133,41.508537
51.45516,-26.503242
13.112307,30.264618
16.045855,31.90388
-10.821518,31.329903
-9.620783,44.09622
20.340832,-50.083366
-9.485695,-57.761124
-9.451138,22.78285
0.68636,43.3633
-3.7342038,39.0194
-13.801996,42.718437
-18.165545,37.740276
-28.492847,-24.88247
42.776146,7.260088
4.401521,39.155117
-20.357155,42.778255
-5.2765307,30.986422
-7.9322405,38.01044
11.06108,36.872
-16.604359,30.801592
44.255016,6.974916
-16.114952,41.17811
-1.0304323,-2.380279
-3.6512895,43.458256
-20.781706,31.572817
-18.19712,41.84649
-9.079017,39.011364
-14.354891,35.130497
-2.3913372,29.482712
-13.184327,23.318651
1.7341206,2.1989675
-17.216055,41.70722
-5.8818026,-0.9106203
-19.768696,42.075592
28.224575,-22.584501
-7.3166037,41.377033
20.156233,-49.70274
-20.094181,34.664116
-26.126322,-30.609842
-9.575364,23.708927
41.705475,-3.1063862
-14.558779,31.560163
-3.519534,31.072056
38.670704,6.7703896
-11.720382,39.6261
-19.774529,31.45887
-20.921457,-4.196068
-21.835773,35.997055
-1.280002,37.01015
47.155663,1.4430563
-15.539261,37.35072
12.010562,-17.279799
16.115503,-1.5367274
-15.413149,28.374317
-14.344438,31.893345
-28.611986,-32.49282
-11.48503,42.002014
22.17805,-50.222004
19.252378,-49.79152
-26.895834,-31.58303
-4.2064176,-1.723029
6.4433703,-35.14984
-12.479081,40.753754
-14.299184,36.46513
-6.9018416,-27.98989
-11.377815,37.92602
-3.7041473,40.173527
-22.333025,32.426643
-12.875784,34.06535
-16.861359,34.656277
-27.899466,-30.381193
-18.518204,43.93881
50.905426,-26.78645
30.751482,-0.94275975
-9.560179,37.595924
-7.391361,-26.961443
24.724335,-31.277225
-27.95338,26.980972
42.684624,-2.557192
16.848867,33.729603
11.383107,-23.02484
43.993633,6.185658
-15.723958,23.017405
-8.694108,45.02959
46.078407,3.039451
-10.877454,-57.657154
11.426394,-45.372284
26.521017,-28.555084
-26.018408,-26.584936
3.6939356,40.148174
-3.174113,43.19137
46.893295,-25.976799
12.170997,-43.90742
-11.468864,22.63748
11.671122,45.18298
-10.581105,43.300575
44.375805,-0.639923
-10.886013,38.12982
-27.947596,-29.172935
-6.297916,37.510628
-8.075246,31.397612
3.0061796,32.99256
-25.00651,-25.685125
28.354265,-22.47715
19.528597,-47.537537
-14.345756,35.04907
1.630556,1.9503239
-8.731766,30.953846
-21.849548,-32.472527
-14.031651,37.370617
-9.276783,30.967129
-15.230347,41.790604
6.316331,-34.692375
-18.718992,43.02323
-1.7783916,39.37138
-22.778137,-32.600716
50.487076,-26.719572
-11.512708,43.45826
-11.907794,-55.891376
21.13542,-49.105907
-7.493544,43.681
1.5674849,31.51128
-17.514194,35.667736
45.527493,1.0901457
-11.357473,24.406317
-7.649997,31.383562
-4.280783,-3.8532524
-4.1351433,41.620483
-2.6622925,-1.4884291
-11.125999,-23.551207
-16.676096,29.623531
-10.53086,41.108673
-13.975971,38.123333
-21.774632,-23.482439
-15.16386,39.511497
1.0078909,39.32881
-9.796057,35.1075
-26.626215,-23.627306
15.990453,-37.29374
-22.86846,34.72567
-21.97171,34.990997
20.750494,-47.84146
-3.2933714,37.302334
-9.613672,-58.155567
-20.56957,-4.3046794
-25.96842,-28.040014
20.778795,-43.678707
-7.2500267,39.928844
-3.0269067,42.01927
28.609682,-31.498665
-9.221067,31.764929
-10.18507,41.7707
43.472603,7.264512
-4.248216,46.106255
42.835888,7.0952964
21.207067,-29.35425
0.3998364,40.288395
-14.510734,42.546623
-10.821434,39.350655
21.774239,-23.307198
-10.935721,38.652767
-22.383348,34.17162
46.249283,1.3669893
-11.759524,31.210493
18.511679,-47.255894
5.248391,-24.863068
-8.717386,38.92234
1.8459249,37.212334
46.81849,2.221718
23.61822,5.7458873
-9.738079,31.282404
24.36606,-0.7316493
11.1509075,-2.8266165
24.87909,39.149334
-4.749508,39.81423
42.193874,2.3030353
22.563633,-33.528374
-16.45264,-25.000673
14.223876,-47.383705
20.920923,-49.980667
-7.2795963,35.469166
4.431193,33.79149
-13.442071,33.630898
-12.432993,29.81439
-20.482046,35.797356
-2.8928838,38.33132
-6.3056865,46.04836
-14.664638,40.527805
-23.993542,-22.243818
-11.294766,40.381912
-19.488428,42.10534
-12.268696,31.90115
-7.412952,39.97869
-0.06065601,43.7197
-24.051113,-21.860458
-13.219044,43.998943
8.78599,40.27986
14.840712,31.300138
-10.627377,31.641579
-24.356323,-28.677729
-13.474557,41.806618
-5.359173,40.15742
50.50342,-26.941378
51.059338,-26.232367
24.598644,-48.70857
-11.470323,44.342247
-4.553056,35.43642
-3.275573,36.659492
8.484259,32.63215
-2.8843231,-18.178099
-9.573802,42.722874
-8.347777,22.444845
-9.623828,22.910927
-12.371233,43.7714
-9.145009,43.273106
-12.618147,40.68594
44.13744,2.2304833
-7.858932,45.099743
-10.745272,39.30514
-13.4888115,39.35306
49.35777,-26.501818
-28.798338,-23.629398
-4.903997,-0.64137924
-11.813942,40.872765
44.665947,5.054121
-23.524261,33.528824
-10.140244,42.799168
49.84802,-26.695381
-24.191544,-26.803358
8.279671,-46.32949
-4.0878744,36.9648
17.121696,-50.09994
40.82544,-2.1086848
-19.825241,-5.5757804
-8.428324,31.619823
7.454381,36.825233
45.08484,7.9521375
-1.1063097,41.45732
-19.119257,43.351994
0.6765286,35.946354
-8.429875,39.020634
-3.6525643,45.31365
-0.68868846,38.38449
-12.597834,30.949087
7.1824417,41.32002
5.1182947,37.290054
18.683905,-7.3826966
-25.76955,-30.962923
44.22153,6.1063914
-4.786796,-2.59687
0.34405082,-3.3599248
-3.5485563,36.216927
-10.571227,41.889874
16.376993,-45.17626
10.128632,32.614433
-26.864063,-33.52211
28.352367,-30.682972
-7.966956,22.401924
50.06558,-26.610794
11.742993,38.50317
-8.249195,36.51716
19.201958,-48.12294
4.966504,43.982933
0.054995906,-28.233206
-5.4344835,43.376953
3.5671997,33.15389
-13.674141,34.013893
-8.3913965,31.77686
26.484104,-32.932533
-26.890244,-32.68239
-16.277962,30.709118
-27.265198,-23.738466
-8.517194,40.33982
-25.422,-26.546701
-4.462922,-21.122332
22.262884,-47.413063
19.793007,-41.11557
-13.366558,37.867188
20.201319,-3.1382718
-9.549055,40.499287
15.034922,-46.607876
-5.5044417,36.342472
-8.012356,42.630062
-25.224777,-28.131742
27.383131,-30.570932
-28.827576,-23.94788
5.887038,32.703922
2.299049,32.624523
-25.182749,-32.543873
-13.85713,35.253323
-10.588257,42.066257
-11.6915655,-56.868923
-10.508771,43.439472
-7.358143,42.053436
-0.37455848,40.9885
14.060851,39.361954
-18.939589,40.795444
-2.6087022,43.849255
-3.8518925,37.465656
48.827984,-26.401487
1.7520009,43.16588
-13.036473,22.91543
38.565342,-4.1828117
2.8345053,34.44325
24.646477,-48.397263
-13.320437,30.929268
19.839523,-45.65608
-23.15641,-23.001577
-6.548553,43.98263
45.690845,0.39567924
-10.40077,24.722208
14.973054,36.42504
10.341457,32.530323
1.5969577,33.35593
-10.177793,-57.44139
-1.1195263,34.53476
0.11732708,37.466694
45.194515,1.0904509
41.50403,5.5336175
-6.293082,40.279186
7.391876,40.55071
0.1857176,35.261227
5.511366,43.062695
-24.794342,-31.103132
45.517372,3.021358
-1.3726671,37.371365
-24.668428,-32.36409
-5.9356217,35.31727
4.560133,39.207973
-27.00679,-33.545177
-0.34868068,41.51481
16.874712,-46.768597
38.183353,2.1839693
-4.2590656,-19.043995
-7.490682,37.105408
-18.625341,-31.194044
-8.9577265,22.722757
1.3161687,33.5919
0.69727015,42.664158
-27.267805,-24.037455
0.0049891775,45.17052
21.135818,-28.803776
23.033451,-0.4945434
-2.251218,38.885773
15.805234,-46.05547
3.6133888,33.442497
-16.578205,35.45306
7.409845,-43.243225
-13.965632,33.949886
-15.311037,36.95312
45.263653,2.7720053
43.25774,5.87254
9.452247,41.049763
-20.825985,35.84386
-11.35736,46.32576
19.911274,-25.560461
2.7629695,36.08936
-3.542884,45.513027
-24.438385,-26.977785
2.578498,42.338863
0.021499181,-35.363213
-7.2005095,-57.284733
27.356316,-31.153294
20.45012,-27.112818
41.111095,-25.461348
20.710476,-28.414139
-2.1771467,-24.925873
-28.471533,-25.124567
40.20777,2.7034793
22.111746,-49.198196
-0.69995546,-35.734356
42.160915,-1.1844968
39.42244,4.032892
43.998512,5.5142827
3.2706733,37.14073
48.332558,-26.446821
16.272688,-8.959198
-6.5361614,-5.082959
20.220718,-44.62003
7.631462,40.104786
50.435272,-25.974686
17.365126,34.340847
16.101954,-47.52056
-29.758986,-32.190727
1.5440105,41.58195
15.338872,-44.964115
-11.304756,22.656467
5.691694,45.53418
21.15519,-46.257324
13.279686,40.080967
-6.4284625,43.334854
-5.581643,38.34005
8.922414,39.056675
-13.03833,34.606094
2.3719926,-3.034085
-5.9777713,-53.99596
49.062923,-26.257046
-0.22657835,-1.9114828
-6.604121,30.94488
-25.516357,-29.206717
-25.652945,-27.25973
0.15264462,-0.11158976
-8.23803,32.94119
25.133926,-33.00517
22.848757,-1.4297976
9.397667,39.65896
17.402197,-1.7876034
23.580334,4.9574165
10.001943,-46.19957
-5.8404098,-31.125538
-7.738607,40.155357
-25.732437,-25.364756
-9.826324,40.80514
-20.578815,-31.360014
2.4654,36.71855
-5.777553,35.252125
44.270893,5.973002
-2.1011987,41.640198
0.82848364,43.12765
-8.458962,32.602436
-5.304668,-25.26513
27.878054,-32.530437
-7.7627797,45.53759
0.73601884,37.605137
17.17207,-39.06585
22.374147,-29.130861
45.115932,5.9987984
-24.122343,-31.911116
-27.815723,-23.327168
-7.628264,36.574505
2.5140786,33.83485
22.583838,-49.36349
4.1699996,45.077255
50.794952,-26.445173
-0.60906726,35.839046
8.438158,34.411236
28.195816,-21.516647
6.4179344,37.427094
-25.689848,-31.418945
7.0297604,36.978455
-18.466713,-23.750229
-5.769038,37.22171
20.783796,-47.81379
-1.8502738,29.985064
41.055622,-1.6680664
44.326977,5.2696586
44.175648,5.980676
6.84799,36.120567
39.679977,2.5694506
24.423397,-48.789658
-2.0788305,-0.16206785
21.01466,-27.253218
-0.50004566,42.759228
16.820024,34.573135
-25.215963,-33.55152
-1.2334275,34.57894
-6.562234,40.10351
-17.52607,-26.71531
-0.40282443,39.51445
2.6840138,38.292736
24.260042,-31.257471
-3.0336623,46.481937
-26.248362,-33.380806
26.348837,-30.40016
-6.5239515,36.32972
17.469706,-49.24783
5.23778,42.439735
46.570213,1.3762676
19.451149,-49.477394
-9.132483,41.727562
40.0957,-3.3524892
46.034,1.6572243
44.852318,0.18134052
-6.177422,42.072716
16.64069,-43.964653
-28.066757,-29.338213
42.74411,-2.2903318
24.640574,-10.623971
24.041687,-32.576595
-9.230819,41.697613
39.117672,-2.7230563
-3.5265374,-27.066677
-18.09924,-30.932888
-25.50623,-32.033478
38.650784,3.7392137
25.958805,-29.124615
1.5253282,39.022697
11.174678,36.959774
-2.5829697,44.815006
22.274746,-47.804768
43.801575,5.6046376
-21.62132,-23.495024
19.903439,40.940422
8.414501,36.431114
-11.92437,-20.573423
-8.7028475,43.13265
26.2494,-9.809632
-10.513552,-56.64996
5.9726205,35.653805
26.669796,-31.367887
0.6497229,41.470116
-24.317822,-23.174932
48.483303,-26.135717
-9.951681,43.400097
13.77378,30.791742
47.635925,-24.496805
-1.8352114,41.371914
38.309822,2.8084884
16.406792,32.608936
-9.9516,23.53845
-6.889094,-9.153309
-11.981888,-55.08527
6.4448776,43.710133
16.49856,-38.47035
17.865538,-46.639248
0.2888837,41.5338
-9.441361,-56.924503
-0.9475404,39.598373
11.428396,40.839516
13.0484295,-18.15889
6.183152,38.07273
2.8514512,44.390327
-28.61569,-23.466398
50.82256,-26.169394
7.9408073,36.03709
11.550796,44.420486
27.227594,-29.432154
15.972662,36.989403
1.5825825,39.10756
-6.266463,-1.59254
1.5469024,41.258076
17.355251,-16.846401
-6.1458435,-30.437109
-0.35355952,35.801655
19.98702,-46.308083
10.3142395,38.02505
8.270716,45.400352
21.275734,-44.87059
-23.053307,-32.02528
26.070524,-32.67109
-11.040275,-56.32863
24.034767,-22.049551
1.4159691,38.155296
-24.976364,-25.966982
11.779386,-46.09715
10.285358,35.09731
-24.210972,-30.554691
-26.990274,-32.028145
41.791973,-1.0899153
9.610277,44.930893
18.53359,-41.139244
-3.8788273,0.18263572
11.690279,-22.854906
16.721727,-47.47677
1.0832561,-15.314231
18.145248,1.8105727
19.997168,35.754032
-0.6291359,-35.69276
-1.669299,42.105152
26.321127,-29.62093
-3.474921,-7.060885
2.768735,1.1602757
1.9886398,40.804146
8.026533,-15.063519
26.160435,-32.70687
6.2235885,43.349495
-3.1872883,-1.334247
14.923577,40.167828
8.535567,-15.706756
26.253834,-3.8993177
-8.604346,-57.10851
24.365566,-32.268276
22.531103,39.095318
-2.2647548,-17.756824
-20.649685,-31.820591
-3.152389,-4.24047
45.56379,-25.497555
19.048174,-46.40555
37.931526,3.14122
4.6496367,33.451557
20.040123,-46.477604
2.492548,43.082855
-4.1569705,45.43059
22.270664,34.460827
-4.422741,-11.691439
0.761548,-0.65528554
-8.95987,42.952644
38.96738,2.3683975
25.833513,-6.313367
-24.873278,-24.948336
21.409603,-43.942623
0.58421785,38.021084
-9.204083,22.846842
13.814293,36.02089
13.782585,37.033653
8.695666,-45.395218
3.3315725,33.57202
39.585518,3.0364702
12.650608,-45.606487
3.9813223,-12.0724745
10.431626,-15.584425
3.7185395,-3.590538
-2.201089,-21.149014
-3.822757,38.736958
-28.607546,-22.923317
50.007523,-26.19252
-7.0036125,35.826878
40.24764,5.1867747
10.485677,-15.122993
-2.6486294,-19.78412
38.61985,6.7438855
2.5825608,38.94782
40.225674,-0.6677966
26.977222,-21.655544
2.071602,39.91247
14.430319,43.917366
18.113407,-47.687855
6.241178,32.567875
-23.201347,-30.550482
18.080988,36.96195
8.737415,-10.238422
8.0652075,39.22978
25.591654,-2.3547301
-2.895903,45.65796
1.90617,-5.8434243
18.84833,-46.64549
0.35588083,42.107517
43.552753,3.4759443
43.307014,4.339301
-0.0437683,-3.7085278
12.933406,34.320477
-21.824287,-31.143187
43.39427,5.876014
-4.741025,-2.4788935
9.249788,-14.644288
-4.428182,-24.377926
20.52084,-25.227562
26.782396,-30.492155
19.092485,-46.01988
42.09777,-25.449503
23.766617,38.56049
1.9840971,37.388626
1.4723139,37.746296
9.0615425,35.37246
-5.828576,-10.797685
-7.7831078,36.662758
9.930063,39.451504
-19.104147,-30.68533
8.618338,36.980274
23.516123,-27.370867
21.508898,-25.10485
-9.007204,-57.772064
0.7961661,1.57782
10.162741,0.10827571
22.279997,40.62904
41.374332,-2.7931223
20.349377,34.700798
4.995306,-16.25822
6.516756,37.00731
4.117767,-25.086521
25.985619,-31.29333
-26.905062,-24.100521
21.709942,40.471493
40.08561,-22.177315
-1.0085257,36.26808
-24.058447,-24.574873
-2.3368783,-25.835163
20.886856,-24.021862
-25.082489,-31.9518
-23.623375,-32.15169
40.67314,4.485495
14.396753,-41.006912
27.769922,-21.719202
20.409117,-1.4749881
1.7107569,37.052998
-18.73015,-4.949827
-11.928032,-20.60791
13.881677,-39.366455
25.613409,-32.215733
0.90431154,39.170433
13.932273,42.235195
4.5022388,43.478405
26.02345,-30.58112
-22.860184,-23.95795
-1.0817059,32.1987
6.0659575,-34.47797
8.48072,-12.376838
27.647171,-29.405504
7.4082007,34.939915
-21.131971,-32.09231
18.846994,-44.763393
22.26369,-5.9901204
-1.0167718,-25.074812
-7.5241933,-56.847187
40.77051,5.533252
20.983187,36.780106
27.194912,-32.238483
-7.8027186,43.784836
5.507982,-4.507192
-3.1311905,-28.14768
38.49757,5.332285
3.3974385,-5.6504083
19.280052,-1.0628572
14.162846,34.45363
-2.2181253,-3.1885247
-18.229898,-30.132414
27.931593,-21.580809
40.53178,4.248063
-25.04203,-31.002403
8.694851,37.813633
13.64785,42.024616
-0.30184796,-4.4488344
7.7447457,40.99336
14.234824,34.55932
49.822765,-26.179499
-5.0606284,-1.3389971
5.019366,41.44489
7.953794,-17.235498
24.869026,38.80372
3.1925228,-7.1620054
24.381308,-3.6543021
20.097776,-9.5081835
21.288616,-43.617138
8.030638,-11.142332
18.433706,-45.89891
-6.0531993,-30.031233
10.636314,-2.4127913
3.8596177,34.18922
28.027178,-20.57498
11.546662,36.918613
42.810043,2.14559
5.224728,42.08961
42.822662,-0.2696205
6.889096,38.100002
16.021172,37.51474
19.620422,38.054264
2.9237826,44.37074
-5.0018005,42.84087
13.741542,-38.770123
6.9553466,43.803314
-20.83266,-30.250189
40.92688,3.1368287
18.81833,41.521015
8.35457,39.856754
6.4564714,-14.102908
40.67859,0.35436425
14.684714,-11.600864
11.861288,40.537598
27.444273,-32.320732
37.488037,0.34665117
43.978607,-1.1021945
-23.717104,-24.09643
10.35415,-13.146582
3.7389758,42.75091
-25.79729,-29.85916
-5.934054,-3.2937799
-10.887633,-23.780903
12.458157,37.38287
-26.550823,-25.903553
11.234258,-44.435474
9.27226,42.838108
25.123829,35.889915
39.97478,1.7458447
39.15482,2.9469433
7.731147,-7.5810065
7.748419,38.376766
12.251693,44.580215
26.670439,-19.142365
43.396866,-23.330435
19.545725,-43.35533
25.70904,-30.877918
16.156105,35.662647
21.082043,-2.7048817
21.854776,38.033318
10.002455,44.057564
18.280178,-41.344265
-4.7580414,-1.3038231
36.706776,0.42793563
19.46467,42.27334
10.228453,-0.56481636
-26.510569,-32.58425
22.255482,34.938015
43.139664,3.9241273
-3.2365832,-2.6027153
-4.1210537,-1.0362208
3.4150863,-25.202776
12.599629,-21.205357
-4.8374796,-30.598993
4.7319417,33.31437
8.016302,37.221107
8.094549,44.600674
8.146524,44.21685
2.2119799,-0.66352075
10.592808,39.66524
1.0120051,-5.6014113
5.3505845,42.268238
27.292051,-31.404863
-3.351774,-16.188309
-20.305183,-25.689714
19.896383,-43.378372
15.662654,33.61946
-1.6717588,-6.96618
48.143173,-26.011473
25.774078,-30.97516
39.58604,5.683176
34.965073,-5.422096
10.124353,40.49692
13.640885,-45.724957
-17.067684,-30.555784
8.538109,45.03703
18.917213,42.790977
15.291139,39.303944
3.8933668,-2.1458187
-2.807784,-6.8774123
42.289135,1.3931265
21.056147,34.213127
15.335782,-40.68348
40.520195,-1.270003
45.75645,-25.599771
22.322206,34.770947
-0.2437946,-5.8355327
5.065292,42.257748
11.320707,-18.130533
43.328793,-0.016153334
0.4232983,40.166718
10.243724,-17.177156
6.60775,-29.360723
26.669983,-31.700722
-21.589842,-30.636976
-6.3490944,-3.048469
20.741411,0.14836164
42.986454,-24.743307
42.609734,-23.452255
12.819666,38.023235
6.7607975,43.435722
-23.72083,-23.605812
17.229322,-16.892557
-20.837559,-27.772102
6.0721893,-7.6338425
-10.102879,-55.44471
10.935298,2.1322644
10.805083,-6.608335
15.791944,38.49469
-1.036029,31.542885
2.2966554,39.629303
11.815847,-17.466537
1.1787947,-22.003822
19.55717,41.724834
10.224236,44.203823
-6.5561953,43.50349
16.565678,-38.87375
16.995419,-45.748978
-3.6987736,-22.43032
25.083612,-30.763159
12.120372,42.651463
-6.9350843,-4.0346036
39.535946,1.5125017
25.916803,-20.600534
-20.934885,-31.021608
-10.160958,-56.01948
19.232077,39.673695
15.45366,-40.196808
16.43703,-39.433796
0.71851385,-4.9243946
10.086894,37.87141
9.603259,39.161346
14.178407,36.88672
5.913736,-0.2364132
11.655423,-41.868732
-0.88309735,-4.808054
18.031424,-41.577225
0.7154517,40.01376
23.502213,4.848867
-0.73071134,-8.183825
2.674316,36.514416
-5.4495463,-2.3046885
8.42191,38.29918
-10.692828,-52.117424
10.37054,-21.220587
-0.7790622,-15.755042
14.766143,44.081146
-17.645555,-5.352379
14.111926,-6.4206185
-11.34606,-54.855946
-3.6194973,-30.810589
9.203119,34.43417
-6.70666,-29.48195
11.273715,3.0718102
6.1722207,42.44434
13.902805,-1.888957
-24.807804,-25.588873
-25.432587,-25.32083
0.80686206,-3.2027729
16.867527,39.80092
15.314848,33.201214
19.248127,-41.08108
25.355837,-7.1168017
20.806942,-18.977457
6.60053,-21.87749
24.992744,-31.186432
21.97672,-0.9880073
26.05603,-4.258616
9.555566,37.074997
22.108175,0.9751451
-18.68307,-28.463495
25.726717,37.302643
40.70167,5.46984
11.774219,39.471897
-7.521967,-56.1058
17.332687,-48.98538
16.464746,-43.13708
40.30748,1.9570166
18.224684,39.327026
37.74684,1.0771365
-23.187828,-27.834274
15.248415,-38.599205
3.0710325,-25.349144
-5.1014605,45.3522
17.74999,38.261765
16.383696,-44.508434
-22.036676,-25.893322
39.44968,0.21409604
6.025389,-12.5753975
9.5456,39.22281
11.588617,43.761063
40.103455,4.1479106
18.240265,-1.2899178
17.53297,-43.131893
1.9812864,42.713776
-24.410387,-23.848408
12.380232,-18.942698
48.971912,-26.38981
18.94075,41.048637
25.741096,-31.251776
20.812166,-19.00672
-24.708086,-30.32088
-3.4349248,45.170143
25.668245,-30.196568
16.177546,-7.259014
13.958033,40.516182
8.98514,37.505074
9.234162,-1.3377303
-0.5433597,39.881348
19.679516,36.669994
44.55962,-24.641294
2.9142709,-4.1832714
17.501465,36.294983
27.577751,-21.740002
-1.8818719,-28.294287
25.952076,-30.106697
14.987746,40.667526
-0.69053465,-35.726288
14.969379,-2.5387678
3.313924,-14.057982
24.874493,-4.2339997
-18.749819,-4.9623466
39.692307,-1.0805491
2.124219,-4.8058496
22.278711,40.666073
-17.23122,-28.879772
21.901627,-3.4265947
19.486439,42.27022
20.983063,-3.7083442
18.316813,-44.869553
6.242947,42.87382
16.647247,-40.829205
44.08411,1.2636455
18.361553,-44.855953
25.066921,-30.019382
23.382826,-9.484235
1.9641323,-1.838659
3.0606222,0.61853313
15.261774,37.246075
-0.2608416,-26.60295
42.044083,4.4603477
9.8931,-20.662554
36.35564,-5.204737
11.69788,-19.180187
12.732993,36.43688
-21.191027,-31.437754
10.705734,38.96473
19.263708,37.29526
11.124975,-18.04507
18.220404,-3.9840007
-7.1011705,-6.7655625
25.124327,-29.21009
37.621147,5.384264
15.004736,41.114132
-26.836353,-23.529736
40.306995,2.9450638
22.345997,-3.107008
13.385071,30.52424
-0.6500975,-35.70415
18.510706,-42.94262
26.84438,-31.843649
16.206635,41.487118
16.521172,39.72095
14.509655,38.295494
7.742577,-11.76423
43.489025,-23.829903
-3.4705637,-29.85224
12.311685,-8.828081
-8.499379,-56.339333
45.233418,-25.339945
36.97117,-3.487371
18.070736,39.18756
38.682392,-1.1316446
25.237284,36.133278
40.23198,-2.246252
24.532412,36.02563
17.277338,-40.08397
-1.2135453,-3.4202967
14.508147,39.40079
43.1659,0.4715042
2.5799468,-16.83949
40.480194,-1.8226304
0.2436186,-11.1075735
-24.156216,-25.087254
16.875324,34.262543
7.243615,-15.355405
26.654585,-4.967478
22.827908,-27.014954
16.47442,-41.169
-8.559918,-54.000134
8.28983,-43.71931
9.240261,-36.970497
-1.8033673,-22.41453
-10.310899,-55.023235
-3.2538075,-10.806043
48.570805,-26.079086
22.47003,-27.504683
16.073204,-2.6527257
8.450357,35.688442
-6.8811283,-55.93257
-17.357967,-5.434854
20.231234,-4.964124
25.64923,-29.901964
-5.1182556,-9.746795
9.810603,-8.203374
12.082199,-39.08294
6.2611103,-14.120993
20.575237,36.78631
2.3437188,-25.421844
13.539935,38.31353
42.933098,-0.456951
17.229883,-16.871483
13.861038,42.85829
13.634529,-40.81273
13.40174,-46.35249
25.912077,-20.857752
-6.409715,-5.581708
-6.4188886,-7.3938313
10.350037,43.496227
12.311924,38.815777
-1.3638617,-6.1070285
40.15965,3.7990174
15.368789,33.485184
-9.238674,-56.86742
9.200204,44.619484
10.8088665,43.078796
15.714438,39.922264
38.484474,-2.03482
14.551217,-38.47063
-4.8685207,-5.399662
11.224778,44.29356
-3.788741,-24.186102
-5.837111,-6.1293616
24.566786,36.463818
17.49393,-3.500414
22.796164,-4.3899565
-4.356562,-26.406904
-11.592112,-53.82599
5.8048573,-5.784343
24.519316,37.494793
-9.116134,-53.3856
6.498398,43.562798
9.394072,38.18983
-20.012121,-29.685043
5.426073,-9.933122
-3.2088566,-24.82125
-1.1683998,-7.8192534
-3.0718403,-29.711796
24.533287,-27.882309
-6.129446,-26.027044
16.823744,-42.486088
24.60589,-29.86917
17.808916,-46.391243
23.788553,-29.459087
17.512314,-42.39517
10.016396,43.496193
-20.958235,-28.82641
40.05776,-2.9246848
24.556839,-1.3642386
3.6187892,-10.471925
18.927532,-24.744478
12.265258,40.086254
-4.9703918,-6.7965775
6.2644296,-17.298681
45.16796,-25.606318
5.9275494,-34.355057
-8.899332,-56.16696
21.592897,-5.812828
12.512358,42.59388
8.940508,-15.363218
23.178818,-8.178692
0.044390067,-14.371079
11.158469,-18.076433
42.065388,-24.552307
23.504642,-6.1306696
22.449495,-27.679499
-21.160255,-32.223606
10.455542,-41.96879
-1.5031228,-9.81442
25.892355,-8.530168
-10.005981,-53.14972
22.26017,-1.6190557
37.9899,-3.1975255
-2.0664327,-7.4862523
-22.925577,-26.078064
22.609991,-30.18326
8.522321,-16.309206
16.515934,39.148148
1.5883268,-3.5008981
24.908943,-7.6245613
14.195293,37.604992
13.072583,-20.063025
-15.510932,-28.363523
24.626396,-4.9422555
22.182459,-4.2379827
-22.305788,-26.509474
21.95415,37.400867
23.633688,-4.644907
0.19553705,-12.909765
21.705,-24.364939
19.352184,-2.0337973
10.502145,39.561172
24.08696,36.125946
37.218338,-1.160455
14.9657545,-41.488457
42.150894,-0.23397598
0.90957344,-13.2986555
0.91111815,-2.3938673
18.888554,41.048172
18.487108,-45.172894
23.258911,-2.7281208
-6.192341,-27.008482
14.770458,37.254917
-6.4315343,-22.667166
0.84819883,-7.5143523
5.9682302,43.706272
21.684174,38.727604
4.0205507,-9.110958
35.60843,-1.4039371
12.342799,43.237064
-23.103027,-30.01072
46.65267,-25.281298
20.950441,-24.946232
-4.087566,-9.108162
10.80413,-22.208206
-11.425563,-55.98658
1.6913872,-6.883043
11.760388,-21.37187
19.038372,42.53956
-2.7191942,-24.387272
4.566303,-8.140532
15.3788805,35.022728
11.34609,43.26053
26.15668,-20.339495
24.53392,-6.3859525
-5.473733,-4.2624516
16.427013,-9.558717
37.930107,-0.89781165
12.884514,-35.66883
0.7801759,-22.315283
9.879627,-45.69643
2.6257658,-8.359099
3.5183215,-26.566578
42.553825,0.053522628
9.183821,-20.73985
6.964845,-14.860181
2.84706,-12.767828
21.906477,-9.823206
16.521687,34.659595
19.746494,40.16144
-3.8911095,-28.801306
20.3136,-11.481375
11.545293,-22.510399
6.2335033,-10.940266
23.964172,-1.388822
-19.069036,-30.555668
-15.7676325,-27.076754
-18.231668,-29.504128
-26.058588,-32.32376
39.360634,-0.47629046
12.171957,-21.406204
-9.772668,-54.681656
-3.5440073,-2.818179
11.235748,2.8810205
-7.2395773,-55.71857
3.8321443,-7.02474
40.02042,4.4801717
20.629192,-4.4292583
10.651613,-42.631134
6.8073363,-14.806097
20.96583,-9.771804
1.4205966,-10.159539
23.422169,-6.8538804
-4.2163734,-4.2787137
-1.7671021,-3.7872326
3.1608667,-11.77439
22.947569,-25.247366
-6.3666673,-25.25531
10.914564,-41.566086
23.881815,36.391006
7.359031,-4.4571776
-5.53387,-27.426538
39.80644,3.9424002
-10.0420475,-22.607601
17.427454,-1.9724804
0.8090565,-11.949203
-22.001265,-29.302614
-8.591349,-55.919395
38.907177,-3.5902247
-1.9862112,-10.453612
4.6925216,-5.203831
-12.867199,-26.666918
21.411575,-4.1246347
1.0968689,-21.996046
26.991484,-18.77388
45.99061,-25.788382
-4.1806498,-8.03149
0.81706196,-8.325476
13.189029,42.053635
23.840286,-26.551176
9.274232,-38.99644
13.337284,-12.436321
-22.563652,-28.093895
6.1780276,-4.96071
22.863867,-10.811296
13.968135,-43.58217
-4.4462457,-13.500066
9.224112,-44.933483
-24.424284,-31.777678
13.183301,37.977947
26.444685,-20.290112
24.041897,-11.39027
12.945544,-19.560549
21.047789,-25.188566
22.316002,-6.824685
8.341254,-43.597492
18.651693,39.946236
5.3743954,-3.8365345
37.966526,-4.0814204
-6.8499665,-28.225288
9.349493,-13.66631
43.679935,-24.53703
13.978241,-45.80793
43.271954,-23.97265
4.6097264,-17.190254
7.053053,-10.507781
21.287868,-26.517872
-7.6974483,-54.313435
14.176819,34.696407
8.060563,43.131905
35.87972,-0.2798583
5.9715266,-15.073318
21.178596,-25.637655
20.46264,-5.8850613
39.894363,3.4956443
3.667609,-19.150997
-4.787398,-13.908668
1.144664,-8.690779
2.450288,-6.8133054
-21.58931,-27.83905
8.899109,-44.737106
12.241661,43.753468
42.588985,0.8008919
12.500709,-41.96152
18.1449,-46.421204
42.86918,0.6719918
3.6342564,-15.856296
-1.5292145,-0.74106616
12.839753,43.81101
-23.8071,-29.873768
11.757087,-44.674927
23.950033,36.571167
37.902573,-0.1886628
9.92818,-41.318142
15.102553,-4.9733405
17.964317,36.612186
19.15655,-5.62559
16.6972,39.251297
34.99612,-2.5169601
-9.303912,-54.32428
1.4898034,-4.329502
46.49548,-25.53367
2.7819269,-12.314989
10.297793,-41.6017
16.056261,37.57763
21.160952,-6.8824286
7.5077863,-25.962276
42.54098,-23.972845
16.987518,-7.8450255
20.767027,38.34763
16.774925,-16.891516
20.714304,-24.674395
19.650013,-4.2476845
8.428387,-4.1040597
17.712837,38.736874
41.92195,0.6370573
45.877865,-24.90472
-1.2173487,-8.726368
-6.175539,-23.706541
14.400301,38.990505
21.39123,37.271843
48.188465,-25.915094
5.7478056,-17.79177
13.312941,38.86794
7.946772,-20.98843
9.759184,-19.726078
10.814952,-0.15142106
-16.995985,-27.261633
-4.846619,-6.8867674
15.891776,39.84693
10.326676,-40.97718
-18.720512,-29.116568
11.631435,-44.628155
14.597321,-46.421566
46.66283,-25.65223
0.7835181,-19.37054
-5.413949,-8.72872
26.543367,-21.03058
20.962536,-5.030835
16.882696,-16.895988
-7.4450016,-54.369904
8.112102,-13.590577
-7.6575885,-55.028233
1.6721638,-9.394561
12.588922,-4.2596602
20.839758,38.074684
25.76955,-19.559132
-12.772359,-26.6198
23.31869,-28.555817
3.4630673,-26.415392
17.597855,-45.033195
-8.740975,-54.802338
-21.993935,-26.7823
-21.048935,-29.614502
23.406248,-9.135151
19.54283,-3.391272
-0.6708857,-13.291656
5.9972467,-16.330103
-16.385044,-27.10075
23.965414,36.774334
25.028004,-30.08129
18.593561,-9.551683
16.611103,-42.779274
-8.544359,-53.192074
19.119753,-6.585186
-20.661669,-27.354322
43.821613,0.5909893
-10.486917,-54.467552
9.626502,-40.777195
8.154629,-45.17425
24.432114,-2.8471615
18.47409,37.867386
10.118553,-19.249697
-1.3042245,-13.778537
3.4948843,-9.710559
27.39198,-21.005098
16.512846,-7.073755
19.346287,42.09721
3.2120004,-15.000012
4.7224927,-10.145403
-2.9976978,-7.9108496
20.302628,36.706657
-0.5523793,-5.6277037
-3.2204463,-6.129608
16.002422,-41.86605
20.079956,37.572517
-4.123984,-28.140568
-3.9307783,-9.553216
15.815923,-44.90484
2.0127153,-7.6118717
-22.370821,-26.526682
37.73672,-3.8788743
40.124016,-3.512974
-23.15142,-24.511486
6.4924664,-4.325439
6.3370886,-17.676071
18.47373,-7.201436
15.9334,-41.38149
5.7887325,-4.733999
-6.5164824,-7.874467
-2.5563078,-21.57
11.101403,-0.10219928
-3.1959984,-1.3099382
25.479954,-9.632931
-9.934518,-54.799824
-14.452374,-24.969463
1.6354324,-3.7558024
10.970569,-43.526
10.597137,-21.242432
11.420792,-22.17276
23.467068,37.90006
-3.1604295,-25.299498
-10.133169,-52.404793
18.175415,-8.049508
8.044469,-9.118246
19.905268,-24.670164
14.881153,-39.65746
-0.69425213,-6.889318
9.481279,-43.365646
10.855196,-9.895423
18.8948,-4.358615
7.969562,-12.291881
-4.035509,-5.1994543
-17.173683,-27.351494
8.286829,-43.41578
45.40837,-25.30769
18.064007,-2.782123
-3.5104218,-5.444775
18.770926,-8.712797
44.369823,-24.383825
11.596268,-19.67501
14.873446,-44.345566
4.547507,-14.2093115
15.484555,-42.1063
-4.186468,-29.486399
12.947968,38.892506
2.5941768,-10.727818
-5.561843,-23.957764
44.24441,-24.601887
41.499626,0.3560878
5.085612,-17.28692
18.755432,-24.328247
-3.077638,-12.590891
13.272283,-4.193116
14.57,-40.26558
-10.636442,-53.28272
16.18406,-4.9677234
15.313107,-42.28025
3.557284,-9.748582
25.58644,36.764595
19.26805,-8.40972
-19.274544,-29.661575
9.973209,-44.39339
13.051137,38.91612
-1.9810163,-11.281046
-23.118073,-25.50967
-19.535763,-29.31356
13.518648,37.556187
-2.569072,-26.51677
2.3076491,-19.258953
22.470314,-27.401794
-4.0269704,-7.154161
6.770861,-16.842264
3.3964217,-25.389399
10.903935,-19.220215
24.082233,-29.299168
38.6044,1.435257
20.183645,38.905136
11.542717,-42.34781
21.669327,-7.393437
22.229681,-5.6024256
-0.8101275,-10.884909
11.542374,-22.03535
18.377565,-5.562628
36.699745,1.5089291
9.816395,-3.8954484
-3.7884965,-25.364689
13.9694805,-45.06069
-18.829826,-29.16797
10.148411,-39.84739
1.855195,-13.848759
18.781414,37.563835
-3.8967462,-29.506529
36.35091,-2.967348
4.751214,-7.2375536
38.733124,0.64742583
13.720501,-41.629578
0.71097404,-13.013319
13.60894,-10.1819
-10.712836,-55.056053
20.474655,-4.261296
22.75972,-7.5856876
-8.130415,-54.960716
-2.9222655,-5.791841
46.683666,-24.719185
12.062131,-2.183167
14.243027,-40.04057
1.9307605,-8.0471735
0.1751123,-35.225708
7.1346498,-19.079319
-0.23378316,-7.8652267
-2.6365175,-9.31256
20.736042,-6.5572844
10.488357,-1.4148612
21.876505,38.26278
22.051502,-5.0228605
13.369411,-42.648335
-0.15133989,-8.676706
-3.3125918,-23.340363
-0.55838645,-9.34137
23.033806,36.230675
-9.681163,-55.676235
17.704819,-4.555313
21.924307,-4.349507
24.107407,-29.871275
22.897083,-6.0705843
-4.286842,-6.368854
24.246765,-28.460884
-5.549552,-4.2883997
-9.978965,-53.243492
12.832078,-4.039944
22.509964,-1.315724
40.53994,-0.50061876
22.31996,-5.17414
36.249626,-2.8557863
-9.17695,-54.754623
-4.103275,-28.53907
12.584137,1.9430853
-1.2037178,-4.145821
-22.883087,-24.47679
-14.461395,-27.861631
-12.238253,-26.423513
10.671286,-19.77206
38.44201,-1.6229881
-23.077621,-29.611902
22.946789,-7.030991
13.886936,-43.718807
-20.815664,-29.417034
-8.410502,-25.825422
18.760807,-5.214914
-5.048677,-8.043851
36.076912,-4.1714497
42.999428,-24.141901
14.882313,37.779507
7.5385175,-9.139164
-2.2899382,-6.815432
11.182786,-19.183151
0.3101166,-9.989129
23.022684,36.768814
6.821315,-16.769571
10.963977,-43.7616
13.205926,34.37009
-3.8433137,-26.343512
17.8445,-6.8989706
4.6052594,-10.424015
23.95002,-11.07285
-20.636984,-29.510725
11.070423,-42.18772
22.915873,-5.284738
-1.9133966,-8.160859
24.566093,-6.782513
-5.4219522,-24.295721
24.286825,36.586624
-21.771902,-30.62263
21.412556,-5.27404
22.828703,-26.045158
3.712127,-4.798411
25.073347,-5.2387614
-10.615867,-54.657696
11.4061985,-43.58118
-5.231446,-29.732656
6.822069,-6.83519
17.671452,-7.666443
26.737759,-6.580875
18.63621,-2.432601
24.424416,-8.310644
11.454049,-20.178576
-0.9977726,-10.038071
24.249163,-7.042101
22.224575,-7.761741
11.7616415,-13.260321
15.55498,39.62004
41.268406,-22.62077
16.160418,-42.59609
23.13664,-3.694043
23.36107,-7.118091
15.101505,-42.507393
-1.9709955,-11.781731
5.0594125,-9.616462
0.8673086,-9.503382
-0.34977555,-6.4826446
23.82223,-4.9147763
25.422428,-9.619318
-5.3274326,-25.902208
45.488865,-24.90112
5.9987473,-9.306466
2.4748192,-15.362852
18.704811,-25.712755
11.924982,-21.262333
7.1955624,-9.35501
-16.91949,-5.549539
42.223255,-22.320688
10.20235,-2.9264271
22.311264,-8.520087
-3.4128282,-26.553732
19.13273,-24.431498
22.732138,-27.928745
16.01245,-41.816914
-1.881532,-5.3008804
1.6492378,-7.672519
-22.81486,-29.675026
11.748338,-42.800434
-19.354294,-28.290216
23.596243,-5.693635
23.607521,4.447954
25.416958,-2.4064064
11.371077,2.744501
19.108154,37.40075
39.80457,0.18990228
39.16336,-0.015645621
21.754349,-8.883064
4.1092024,-12.838985
43.8327,-26.033924
42.150913,-25.181892
-3.0910103,-25.572298
6.7187314,-9.789811
15.407582,-41.380695
8.425098,-19.68069
-22.5816,-29.83352
12.766774,-42.855637
-18.795868,-29.568981
19.923923,-6.937648
14.984106,-4.023618
0.7600999,-6.2163496
20.335894,37.669186
-2.0318327,-27.092325
-5.926537,-29.206324
0.21236007,-8.965784
-4.8017383,-30.033268
23.87682,-29.318022
8.496882,-19.482983
44.56852,-25.725737
-9.255717,-52.388107
-4.6806006,-27.328587
22.27243,38.405293
-1.5859932,-12.635399
4.358842,-14.520887
24.041063,-28.712872
10.312678,-19.30695
-3.806593,-25.074139
11.75981,-40.666676
10.273904,-10.64292
4.322945,-8.590318
17.677914,-10.711845
16.538872,-3.9535408
-27.376423,-22.888674
4.7070136,-20.28861
43.2927,0.94336396
20.911287,38.349674
-1.5313267,-1.6761442
14.095222,-10.970606
19.920683,-5.2692056
-10.146844,-54.179188
17.096329,-6.4307137
-15.038074,-26.966185
16.934814,39.80945
-3.8244429,-8.288754
23.21814,37.3764
-2.3618217,-3.9303136
-2.0599134,-8.912329
-6.874628,-53.419216
26.437317,-20.686895
2.103803,-9.798566
-4.37522,-6.451066
-2.2791374,-10.031201
-4.462251,-28.7949
-15.847207,-27.53069
-2.9797933,-5.2828846
14.264091,-42.308365
23.085588,-29.042877
37.722275,-1.9085064
-5.5672736,-23.494888
15.158181,-21.6949
1.3166548,-11.019438
24.901918,-5.748683
-2.0816932,-8.946175
43.588623,-26.212402
21.527628,-5.17708
4.8109875,-18.31212
1.4097679,-11.027625
21.432222,-4.906674
5.862618,-8.477486
5.2170873,-13.345273
21.779997,-8.176627
41.624226,-23.608992
-22.588991,-24.769053
11.302181,1.6838831
10.02654,-40.104668
-2.561609,-21.549084
-4.885569,-28.771961
11.73681,-41.68586
25.376612,-6.520753
-23.168833,-29.714529
-3.6552277,-25.559963
-2.9600542,-9.489483
-16.764553,-27.795776
20.457222,-6.862132
43.776268,-24.816877
-9.795328,-53.753117
-17.857298,-29.404482
9.209821,-11.241794
-0.76415807,-10.411718
11.385228,-6.1865277
-3.8093548,-7.6435213
-2.7670417,-11.352181
23.585705,4.576128
-5.0360503,-29.428755
13.67966,-3.5723922
-2.1918223,-6.063433
8.850149,-19.685158
-2.5290635,-4.722425
36.293682,-4.6250615
42.380318,-23.822224
23.291553,36.665085
23.500862,-29.577394
1.9402798,-19.428373
-2.0775187,-9.727942
-9.726452,-55.609116
-5.2687,-25.850615
-5.710144,-28.538534
10.364684,-29.996443
4.865748,-11.87796
-16.956108,-5.559617
-4.7709107,-28.581743
-8.553523,-54.851196
12.817793,-4.141629
-21.66006,-24.83454
-16.18367,-28.02634
0.85506624,-4.854625
1.6676886,-10.458539
9.005053,-19.819012
38.53889,1.5742702
10.676873,-40.641003
5.432956,-6.865134
-10.78931,-53.49084
2.7644246,-19.100008
9.9141035,-42.827873
18.998734,-2.45857
1.4899392,-16.538641
13.471627,-41.726257
-9.025007,-53.652
40.767254,-22.573553
-9.747379,-54.514347
12.918067,-40.953342
-1.1820948,-4.9345684
0.81744474,-9.752146
38.584633,0.5873825
4.9294434,-15.313874
0.092881605,-11.404643
17.726263,-44.251003
18.594507,-5.250499
17.563349,-6.199404
35.949863,-1.6945564
12.05505,-40.995167
11.41364,-21.868729
16.294025,-4.7284694
-4.2572455,-25.341974
-3.0422587,-8.575365
1.2421021,-9.728087
-5.389758,-26.267998
11.219316,-4.8837557
18.945877,-5.8690934
-3.4150984,-2.5268
38.700176,1.8041302
0.18281594,-35.215076
-3.068285,-26.87118
4.807762,-5.37474
-1.8656145,-8.175404
17.926546,-4.333984
22.933039,-28.15695
9.951048,-18.727057
3.419064,-25.714815
-9.465301,-55.004498
24.753494,-29.728216
8.962062,-39.898205
-10.305092,-23.745413
11.173791,-5.5757003
-9.672146,-53.249344
11.257898,-0.021033637
-9.183249,-55.212074
46.679344,-25.197468
9.236972,-43.20117
12.567099,-40.895023
1.6517736,-13.718794
20.632685,-5.6828938
40.93702,-22.494293
11.076531,-5.8911495
-2.8955786,-26.891651
0.84654236,-7.2894974
-2.770027,-8.410289
4.126654,-18.523739
-1.2803022,-6.9937882
13.400487,-2.6514902
-3.8780754,-9.90085
20.901073,37.30192
12.782416,-41.87443
-17.226377,-5.4798474
47.58406,-24.621365
-5.172126,-27.134102
2.960371,-18.966776
-9.845579,-53.275177
26.498217,-20.926798
8.723636,-39.29158
13.92691,-4.0099854
2.5633943,-9.148212
35.624577,-0.31954622
0.17941707,-9.378457
9.847953,-19.913744
41.758713,-22.382957
14.425251,-10.512735
12.785783,-2.3228147
5.7608447,-18.7553
20.518211,-7.6853266
11.107675,-41.041965
21.584452,-6.6383843
3.347116,-17.753937
-4.2200074,-25.90805
15.349297,-43.12861
9.15136,-20.411781
8.706037,-39.66477
40.735706,-22.49228
3.9194746,-15.903271
-2.8696892,-6.7652216
7.228223,-9.469712
21.191227,-8.277622
37.950558,-0.85617113
5.164702,-9.012481
3.2608519,-16.657557
-4.3226295,-27.633204
-20.14945,-29.143923
16.98662,-6.1904297
20.985538,35.510838
8.919307,-40.50559
-22.006783,-25.38052
4.722564,-19.635191
-0.2747963,-7.8576474
5.4462748,-10.728706
-4.0014052,-24.844404
20.963427,39.046494
-0.99243796,-11.82374
12.334068,-42.72239
-4.465324,-29.10823
3.3546233,-8.393851
19.01748,-6.458859
18.791578,-3.5183775
37.2688,-1.5472761
8.308092,-44.380985
23.547392,37.08955
-0.3371727,-9.461763
12.12954,2.0333903
-5.27583,-29.095884
10.2446,-19.101362
7.9829354,-11.4847975
1.729281,-11.874631
20.263496,-9.0111065
14.996272,-3.4230952
15.023061,-42.316616
-0.9207003,-9.19204
10.540822,-10.026134
-21.36892,-30.023655
-4.8509526,-27.023758
9.850092,-41.85117
8.7885895,-18.937178
19.377554,-1.9904754
-21.60473,-25.026789
-9.979977,-53.64242
36.498135,-4.1407146
-3.222122,-29.161314
13.465468,-3.0681303
11.239825,-40.185566
24.734283,36.802402
9.297606,-4.1610694
-10.005732,-23.826458
5.1844783,-16.32578
22.590982,-7.199382
7.269805,-13.449894
14.891933,-39.616898
5.459829,-7.934112
17.633322,-28.50091
-2.846665,-9.1695385
-21.654776,-24.297709
23.043917,37.536884
6.968071,-14.129511
-5.818542,-29.232374
9.963284,-6.401447
14.254007,-42.611057
37.348186,-1.4607038
6.6249413,-20.469421
14.05603,-3.3230708
10.65112,-2.764741
6.239467,-8.687306
14.332884,-5.169126
-16.247435,-28.357119
4.931813,-17.60395
11.1809435,-6.0818686
11.501617,-19.990112
14.121379,-3.1574378
-8.069512,-54.937935
-4.276921,-28.93695
44.256115,-24.564608
11.055417,-41.100517
-21.06545,-26.024477
11.195433,-4.353547
0.8186217,-8.711835
10.003736,-4.052519
13.711414,-3.7722201
11.696212,1.3386472
12.068771,2.251226
18.936361,-5.4986763
8.255284,-15.365884
12.944759,-3.012631
9.018347,-39.103703
10.740653,-2.4616477
12.421475,2.0641134
